,start_time,end_time,intensity
0,8.061082,9.228092,0.99504465
1,68.41221,69.57923,0.6941113
2,128.73001,129.89702,1.0
3,189.08115,190.24815,0.67797536
4,249.39893,250.56595,0.9990788
5,309.75006,310.91708,0.67610115
